{
    "cats": [
    {
        "id": 1,
        "name": "코리안 숏헤어",
        "description": "활동적이고 독립적인 성격을 가진 한국 고양이입니다.",
        "image": "2213288_코리안숏헤어.png"
    },


    {
        "id": 2,
        "name": "페르시안",
        "description": "우아한 긴 털과 느긋한 성격이 특징입니다.",
        "image": "2213288_페르시안.png"
    },


    {
        "id": 3,
        "name": "러시안 블루",
        "description": "짙은 회색 털과 영리한 성격을 가진 고양이입니다.",
        "image": "2213288_러시안블루.png"
    },


    {
        "id": 4,
        "name": "벵갈",
        "description": "표범 같은 무늬와 활발한 성격을 가진 고양이입니다.",
        "image": "2213288_벵갈.png"
    },


    {
        "id": 5,
        "name": "샴",
        "description": "크고 파란 눈과 다정한 성격이 특징입니다.",
        "image": "2213288_샴.png"
    }
    ],


    "dogs": [
    {
        "id": 1,
        "name": "골든 리트리버",
        "description": "친근하고 충성심이 강하며 가족과 잘 어울립니다.",
        "image": "2213288_골든.png"
    },


    {
        "id": 2,
        "name": "허스키",
        "description": "독립적이고 재치 있는 강아지입니다.",
        "image": "2213288_허스키.png"
    },


    {
        "id": 3,
        "name": "비숑 프리제",
        "description": "곱슬곱슬한 털과 사랑스러운 성격으로 인기 있는 품종입니다.",
        "image": "2213288_비숑.png"
    },


    {
        "id": 4,
        "name": "푸들",
        "description": "똑똑하고 에너지가 넘치는 반려견으로 다양한 크기로 분류됩니다.",
        "image": "2213288_푸들.png"
    },


    {
        "id": 5,
        "name": "비글",
        "description": "짧은 다리와 긴 몸이 특징인 활발한 성격의 강아지입니다.",
        "image": "2213288_비글.png"
    }
    ]
}